{"cameraMode":{"drawMode":0,"name":"Shaded","section":"Shading Mode"},"sceneLighting":false,"audioPlay":false,"sceneViewState":{"showFog":true,"showMaterialUpdate":false,"showSkybox":false,"showFlares":true,"showImageEffects":true,"showParticleSystems":true},"in2DMode":false,"pivot":{"x":-11939.904296875,"y":0.7560721635818481,"z":25129.5234375},"rotation":{"x":-0.2228197157382965,"y":0.07070054113864899,"z":-0.016204632818698884,"w":-0.9721580147743225},"size":3.2660250663757326,"orthographic":false}