{"cameraMode":{"drawMode":0,"name":"Shaded","section":"Shading Mode"},"sceneLighting":true,"audioPlay":false,"sceneViewState":{"showFog":true,"showMaterialUpdate":false,"showSkybox":true,"showFlares":true,"showImageEffects":true,"showParticleSystems":true},"in2DMode":false,"pivot":{"x":-0.7004725933074951,"y":-0.08849000930786133,"z":4.6421613693237309},"rotation":{"x":-0.12862367928028108,"y":0.07044461369514466,"z":-0.009160247631371022,"w":-0.9891462922096252},"size":2.2531661987304689,"orthographic":false}